<?xml version="1.0" encoding="UTF-8"?><?xml-stylesheet type='text/xsl' href='_UpgradeReport_Files/UpgradeReport.xslt'?><UpgradeLog>
<Properties><Property Name="Solution" Value="cpp_using_lua">
</Property><Property Name="Solution File" Value="D:\code\AI Source\LATEST vc6-vc10\VS2010\Buckland_Chapter6_Scripting_Source\cpp_using_lua\cpp_using_lua.sln">
</Property><Property Name="User Options File" Value="D:\code\AI Source\LATEST vc6-vc10\VS2010\Buckland_Chapter6_Scripting_Source\cpp_using_lua\cpp_using_lua.suo">
</Property><Property Name="Date" Value="14 January 2012">
</Property><Property Name="Time" Value="17:25">
</Property><Property Name="Log Number" Value="2">
</Property></Properties><Event ErrorLevel="2" Project="" Source="cpp_using_lua.sln" Description="Error creating backup file: D:\code\AI Source\LATEST vc6-vc10\VS2010\Buckland_Chapter6_Scripting_Source\cpp_using_lua\cpp_using_lua.sln.old">
</Event><Event ErrorLevel="0" Project="" Source="cpp_using_lua.suo" Description="File successfully backed up as D:\code\AI Source\LATEST vc6-vc10\VS2010\Buckland_Chapter6_Scripting_Source\cpp_using_lua\cpp_using_lua.suo.old">
</Event><Event ErrorLevel="0" Project="cpp_using_lua" Source="cpp_using_lua.vcproj" Description="Converting project file 'D:\code\AI Source\LATEST vc6-vc10\VS2010\Buckland_Chapter6_Scripting_Source\cpp_using_lua\cpp_using_lua.vcproj'.">
</Event><Event ErrorLevel="1" Project="cpp_using_lua" Source="cpp_using_lua.vcproj" Description="VCWebServiceProxyGeneratorTool is no longer supported. The tool has been removed from your project settings.">
</Event><Event ErrorLevel="1" Project="cpp_using_lua" Source="cpp_using_lua.vcproj" Description="MSB8012: $(TargetPath) ('D:\code\AI Source\LATEST vc6-vc10\VS2010\Buckland_Chapter6_Scripting_Source\cpp_using_lua\.\Debug\cpp_using_lua.exe') does not match the Linker's OutputFile property value '.\Debug/cpp_using_lua.exe' ('D:\code\AI Source\LATEST vc6-vc10\VS2010\Buckland_Chapter6_Scripting_Source\cpp_using_lua\Debug/cpp_using_lua.exe') in project configuration 'Debug|Win32'. This may cause your project to build incorrectly. To correct this, please make sure that $(TargetPath) property value matches the value specified in %(Link.OutputFile).">
</Event><Event ErrorLevel="1" Project="cpp_using_lua" Source="cpp_using_lua.vcproj" Description="MSB8012: $(TargetPath) ('D:\code\AI Source\LATEST vc6-vc10\VS2010\Buckland_Chapter6_Scripting_Source\cpp_using_lua\.\Release\cpp_using_lua.exe') does not match the Linker's OutputFile property value '.\Release/cpp_using_lua.exe' ('D:\code\AI Source\LATEST vc6-vc10\VS2010\Buckland_Chapter6_Scripting_Source\cpp_using_lua\Release/cpp_using_lua.exe') in project configuration 'Release|Win32'. This may cause your project to build incorrectly. To correct this, please make sure that $(TargetPath) property value matches the value specified in %(Link.OutputFile).">
</Event><Event ErrorLevel="0" Project="cpp_using_lua" Source="cpp_using_lua.vcproj" Description="Done converting to new project file 'D:\code\AI Source\LATEST vc6-vc10\VS2010\Buckland_Chapter6_Scripting_Source\cpp_using_lua\cpp_using_lua.vcxproj'.">
</Event><Event ErrorLevel="3" Project="cpp_using_lua" Source="cpp_using_lua.vcproj" Description="Converted">
</Event><Event ErrorLevel="0" Project="" Source="cpp_using_lua.sln" Description="Solution converted successfully">
</Event><Event ErrorLevel="3" Project="" Source="cpp_using_lua.sln" Description="Converted">
</Event></UpgradeLog>